ham,"Haha, my friend tyler literally just asked if you could get him a dubsack",,,
ham,"\Hey! do u fancy meetin me at 4 at cha åÐ hav a lil beverage on me. if not txt or ring me and we can meet up l8r. quite tired got in at 3 v.pist ;) love Pete x x x\""""",,,
ham,Great. Have a safe trip. Dont panic surrender all.,,,
ham,"\SYMPTOMS\"" when U are in love: \""1.U like listening songs 2.U get stopped where u see the name of your beloved 3.U won't get angry when your""",,,
ham,Sun ah... Thk mayb can if dun have anythin on... Thk have to book e lesson... E pilates is at orchard mrt u noe hor...  ,,,
ham,Try to do something dear. You read something for exams,,,
ham,"7 wonders in My WORLD 7th You 6th Ur style 5th Ur smile 4th Ur Personality 3rd Ur Nature 2nd Ur SMS and 1st \Ur Lovely Friendship\""... good morning dear""",,,
ham,Gettin rdy to ship comp,,,
ham,I am in hospital da. . I will return home in evening,,,
ham,PISS IS TALKING IS SOMEONE THAT REALISE U THAT POINT THIS AT IS IT.(NOW READ IT BACKWARDS),,,
ham,Think + da. You wil do.,,,
ham,I'm awake oh. What's up.,,,
ham,Good afternoon my boytoy. How goes that walking here and there day ? Did you get that police abstract? Are you still out and about? I wake and miss you babe,,,
ham,How much u trying to get?,,,
ham,"Come around  &lt;DECIMAL&gt; pm vikky..i'm otside nw, il come by tht time",,,
ham,Tell me again what your address is,,,
ham,"Honeybee Said: *I'm d Sweetest in d World* God Laughed &amp; Said: *Wait,U Havnt Met d Person Reading This Msg* MORAL: Even GOD Can Crack Jokes! GM+GN+GE+GN:)",,,
ham,Should i buy him a blackberry bold 2 or torch. Should i buy him new or used. Let me know. Plus are you saying i should buy the  &lt;#&gt; g wifi ipad. And what are you saying about the about the  &lt;#&gt; g?,,,
ham,But you were together so you should be thinkin about him,,,
ham,hiya hows it going in sunny africa? hope u r avin a good time. give that big old silver back a big kiss from me.,,,
ham,At WHAT TIME should i come tomorrow,,,
spam,Wanna have a laugh? Try CHIT-CHAT on your mobile now! Logon by txting the word: CHAT and send it to No: 8883 CM PO Box 4217 London W1A 6ZF 16+ 118p/msg rcvd,,,
ham,\CHA QUITEAMUZING THATåÕSCOOL BABE,"PROBPOP IN & CU SATTHEN HUNNY 4BREKKIE! LOVE JEN XXX. PSXTRA LRG PORTIONS 4 ME PLEASE \""""",,
ham,Omg how did u know what I ate?,,,
spam,"\URGENT! This is the 2nd attempt to contact U!U have WON å£1000CALL 09071512432 b4 300603t&csBCM4235WC1N3XX.callcost150ppmmobilesvary. maxå£7. 50\""""",,,
ham,:( but your not here....,,,
ham,Not directly behind... Abt 4 rows behind Ì_...,,,
spam,Congratulations ur awarded 500 of CD vouchers or 125gift guaranteed & Free entry 2 100 wkly draw txt MUSIC to 87066,,,
spam,"Had your contract mobile 11 Mnths? Latest Motorola, Nokia etc. all FREE! Double Mins & Text on Orange tariffs. TEXT YES for callback, no to remove from records",,,
spam,"Urgent! call 09066350750 from your landline. Your complimentary 4* Ibiza Holiday or 10,000 cash await collection SAE T&Cs PO BOX 434 SK3 8WP 150 ppm 18+",,,
ham,No plans yet. What are you doing ?,,,
ham,Hi ....My engagement has been fixd on  &lt;#&gt; th of next month. I know its really shocking bt....hmm njan vilikkam....t ws al of a sudn;-(.,,,
ham,Not course. Only maths one day one chapter with in one month we can finish.,,,
ham,Wow didn't think it was that common. I take it all back ur not a freak! Unless u chop it off:-),,,
spam,"For ur chance to win a å£250 wkly shopping spree TXT: SHOP to 80878. T's&C's www.txt-2-shop.com custcare 08715705022, 1x150p/wk",,,
ham,Noooooooo please. Last thing I need is stress. For once in your life be fair.,,,
spam,U have a Secret Admirer who is looking 2 make contact with U-find out who they R*reveal who thinks UR so special-call on 09065171142-stopsms-08718727870150ppm,,,
spam,"Mila, age23, blonde, new in UK. I look sex with UK guys. if u like fun with me. Text MTALK to 69866.18 . 30pp/txt 1st 5free. å£1.50 increments. Help08718728876",,,
ham,"I'll see if I can swing by in a bit, got some things to take care of here firsg",,,
ham,I wanted to wish you a Happy New Year and I wanted to talk to you about some legal advice to do with when Gary and I split but in person. I'll make a trip to Ptbo for that. I hope everything is good with you babe and I love ya :),,,
ham,Have you not finished work yet or something?,,,
ham,Tomorrow i am not going to theatre. . . So i can come wherever u call me. . . Tell me where and when to come tomorrow,,,
spam,Well done ENGLAND! Get the official poly ringtone or colour flag on yer mobile! text TONE or FLAG to 84199 NOW! Opt-out txt ENG STOP. Box39822 W111WX å£1.50,,,
ham,Right it wasnt you who phoned it was someone with a number like yours!,,,
ham,It's ok i wun b angry. Msg u aft i come home tonight.,,,
ham,I had a good time too. Its nice to do something a bit different with my weekends for a change. See ya soon,,,
ham,Yo sorry was in the shower sup,,,
ham,"Carlos is down but I have to pick it up from him, so I'll swing by usf in a little bit",,,
ham,Full heat pa:-) i have applyed oil pa.,,,
ham,I'm stuck in da middle of da row on da right hand side of da lt... ,,,
ham,Have you laid your airtel line to rest?,,,
ham,Hi did u decide wot 2 get 4 his bday if not ill prob jus get him a voucher frm virgin or sumfing ,,,
spam,FreeMsg: Txt: CALL to No: 86888 & claim your reward of 3 hours talk time to use from your phone now! Subscribe6GBP/mnth inc 3hrs 16 stop?txtStop,,,
ham,\Hey j! r u feeling any better," hopeSo hunny. i amnow feelin ill & ithink i may have tonsolitusaswell! damn iam layin in bedreal bored. lotsof luv me xxxx\""""",,
ham,And I don't plan on staying the night but I prolly won't be back til late,,,
ham,THANX 4 PUTTIN DA FONE DOWN ON ME!!,,,
ham,"I need an 8th but I'm off campus atm, could I pick up in an hour or two?",,,
ham,"Oh... Haha... Den we shld had went today too... Gee, nvm la... Kaiez, i dun mind goin jazz oso... Scared hiphop open cant catch up... ",,,
ham,Been running but only managed 5 minutes and then needed oxygen! Might have to resort to the roller option!,,,
ham,We live in the next  &lt;#&gt; mins,,,
ham,Y de asking like this.,,,
ham,Just glad to be talking to you.,,,
ham,Wat time Ì_ finish?,,,
ham,Sorry da. I gone mad so many pending works what to do.,,,
ham,How much you got for cleaning,,,
ham,hows my favourite person today? r u workin hard? couldn't sleep again last nite nearly rang u at 4.30,,,
spam,Sunshine Quiz! Win a super Sony DVD recorder if you canname the capital of Australia? Text MQUIZ to 82277. B,,,
ham,ÌÏ called dad oredi...,,,
ham,Good. do you think you could send me some pix? I would love to see your top and bottom...,,,
ham,Nvm... I'm going to wear my sport shoes anyway... I'm going to be late leh.,,,
ham,"Sorry, I'll call later In meeting.",,,
ham,THIS IS A LONG FUCKIN SHOWR,,,
ham,"Received, understood n acted upon!",,,
ham,They finally came to fix the ceiling.,,,
ham,"U need my presnts always bcz U cant mis love. \jeevithathile irulinae neekunna prakasamanu sneham\"" prakasam ennal prabha 'That mns prabha is'LOVE' Got it. Dont mis me....""",,,
ham,Jus finish blowing my hair. U finish dinner already?,,,
ham,I'm on the bus. Love you,,,
ham,Lol ... I knew that .... I saw him in the dollar store,,,
spam,Please call our customer service representative on 0800 169 6031 between 10am-9pm as you have WON a guaranteed å£1000 cash or å£5000 prize!,,,
spam,Todays Voda numbers ending with 7634 are selected to receive a å£350 reward. If you have a match please call 08712300220 quoting claim code 7684 standard rates apply.,,,
ham,Only saturday and sunday holiday so its very difficult:),,,
ham,Everybody had fun this evening. Miss you.,,,
ham,"Got hella gas money, want to go on a grand nature adventure with galileo in a little bit?",,,
ham,"I'm in a meeting, call me later at",,,
ham,Oh wow thats gay. Will firmware update help,,,
ham,These won't do. Have to move on to morphine,,,
ham,How come i din c Ì_... Yup i cut my hair...,,,
ham,K k pa Had your lunch aha.,,,
ham,Oh ho. Is this the first time u use these type of words,,,
ham,Captain vijaykanth is doing comedy in captain tv..he is drunken :),,,
ham,Of course. I guess god's just got me on hold right now.,,,
ham,Do you hide anythiing or keeping distance from me,,,
ham,Havent.,,,
spam,You are being ripped off! Get your mobile content from www.clubmoby.com call 08717509990 poly/true/Pix/Ringtones/Games six downloads for only 3,,,
ham,Sorry i din lock my keypad.,,,
ham,Did u got that persons story,,,
ham,Are you planning to come chennai?,,,
spam,We tried to contact you re your reply to our offer of a Video Phone 750 anytime any network mins Half Price Line Rental Camcorder Reply or call 08000930705,,,
ham,God created gap btwn ur fingers so dat sum1 vry special will fill those gaps by holding ur hands.. Now plz dont ask y he created so much gap between legs !!!,,,
ham,We are okay. Going to sleep now. Later,,,
ham,"Please protect yourself from e-threats. SIB never asks for sensitive information like Passwords,ATM/SMS PIN thru email. Never share your password with anybody.",,,
ham,"Finally it has happened..! Aftr decades..! BEER is now cheaper than PETROL! The goverment expects us to \DRINK\"". . . But don't \""DRIVE \""""",,,
spam,A å£400 XMAS REWARD IS WAITING FOR YOU! Our computer has randomly picked you from our loyal mobile customers to receive a å£400 reward. Just call 09066380611 ,,,
ham,Where r e meeting tmr?,,,
ham,Lol yes. But it will add some spice to your day.,,,
ham,Hope you are having a great day.,,,
ham,Our Prasanth ettans mother passed away last night. Just pray for her and family.,,,
ham,"K, I'll work something out",,,
spam,PRIVATE! Your 2003 Account Statement for shows 800 un-redeemed S. I. M. points. Call 08718738002 Identifier Code: 48922 Expires 21/11/04,,,
ham,This message is from a great Doctor in India:-): 1) Do not drink APPY FIZZ. It contains Cancer causing age,,,
ham,I cant pick the phone right now. Pls send a message,,,
ham,You call him and tell now infront of them. Call him now.,,,
ham,Ok no prob...,,,
ham,Ladies first and genus second k .,,,
ham,No. Yes please. Been swimming?,,,
ham,Mum not going robinson already.,,,
ham,Ok set let u noe e details later...,,,
ham,Not..tel software name..,,,
ham,I send the print  outs da.,,,
ham,IM REALY SOZ IMAT MY MUMS 2NITE WHAT ABOUT 2MORO ,,,
ham,"When I was born, GOD said, \Oh No! Another IDIOT\"". When you were born", GOD said," \""OH No! COMPETITION\"". Who knew"," one day these two will become FREINDS FOREVER!"""
ham,"I didnt get ur full msg..sometext is missing, send it again",,,
ham,"Probably not, I'm almost out of gas and I get some cash tomorrow",,,
spam,"Customer service announcement. We recently tried to make a delivery to you but were unable to do so, please call 07099833605 to re-schedule. Ref:9280114",,,
ham,I forgot 2 ask Ì_ all smth.. There's a card on da present lei... How? ÌÏ all want 2 write smth or sign on it?,,,
ham,I'm leaving my house now.,,,
spam,"Hi babe its Chloe, how r u? I was smashed on saturday night, it was great! How was your weekend? U been missing me? SP visionsms.com Text stop to stop 150p/text",,,
ham,ÌÏ ready then call me...,,,
ham,Wewa is 130. Iriver 255. All 128 mb.,,,
ham,It is a good thing I'm now getting the connection to bw,,,
ham,Sry da..jst nw only i came to home..,,,
ham,"That's cool he'll be here all night, lemme know when you're around",,,
ham,Are you staying in town ?,,,
ham,"Haha yeah, 2 oz is kind of a shitload",,,
ham,Ok u can take me shopping when u get paid =D,,,
ham,"My life Means a lot to me, Not because I love my life, But because I love the people in my life, The world calls them friends, I call them my World:-).. Ge:-)..",,,
ham,"Alright we'll bring it to you, see you in like  &lt;#&gt;  mins",,,
ham,But pls dont play in others life.,,,
ham,Eatin my lunch...,,,
ham,Hmmm.but you should give it on one day..,,,
ham,"Didn't try, g and I decided not to head out",,,
ham,Ok no prob,,,
ham,Surly ill give it to you:-) while coming to review.,,,
ham,"By march ending, i should be ready. But will call you for sure. The problem is that my capital never complete. How far with you. How's work and the ladies",,,
ham,Tessy..pls do me a favor. Pls convey my birthday wishes to Nimya..pls dnt forget it. Today is her birthday Shijas,,,
ham,Pls give her the food preferably pap very slowly with loads of sugar. You can take up to an hour to give it. And then some water. Very very slowly.,,,
spam,"URGENT! Your Mobile No 07808726822 was awarded a å£2,000 Bonus Caller Prize on 02/09/03! This is our 2nd attempt to contact YOU! Call 0871-872-9758 BOX95QU",,,
ham,A guy who gets used but is too dumb to realize it.,,,
ham,"Okey dokey, i‰Û÷ll be over in a bit just sorting some stuff out.",,,
ham,Don no da:)whats you plan?,,,
ham,Yes fine ,,,
spam,"WIN: We have a winner! Mr. T. Foley won an iPod! More exciting prizes soon, so keep an eye on ur mobile or visit www.win-82050.co.uk",,,
ham,I liked the new mobile,,,
ham,Anytime...,,,
ham,Mmmmmmm *snuggles into you* ...*deep contented sigh* ... *whispers* ... I fucking love you so much I can barely stand it ...,,,
ham,Yar but they say got some error.,,,
ham,Hey anyway i have to :-),,,
ham,Wow so healthy. Old airport rd lor. Cant thk of anything else. But i'll b bathing my dog later.,,,
ham,Wif my family booking tour package.,,,
ham,"Did you say bold, then torch later. Or one torch and 2bold?",,,
ham,"Haha awesome, I might need to take you up on that, what you doin tonight?",,,
ham,Ya i knw u vl giv..its ok thanks kano..anyway enjoy wit ur family wit 1st salary..:-);-),,,
ham,Huh so slow i tot u reach long ago liao... U 2 more days only i 4 more leh...,,,
ham,Thats cool princess! I will cover your face in hot sticky cum :),,,
ham,Big brother‰Û÷s really scraped the barrel with this shower of social misfits,,,
ham,Oops i thk i dun haf enuff... I go check then tell Ì_..,,,
ham,S:)8 min to go for lunch:),,,
ham,"Hey. What happened? U switch off ur cell d whole day. This isnt good. Now if u do care, give me a call tomorrow.",,,
ham,"K will do, addie &amp; I are doing some art so I'll be here when you get home",,,
ham,My uncles in Atlanta. Wish you guys a great semester.,,,
ham,"Aiyo... Her lesson so early... I'm still sleepin, haha... Okie, u go home liao den confirm w me lor...",,,
ham,Forgot to tell Ì_ smth.. Can Ì_ like number the sections so that it's clearer..,,,
ham,"Yup. Anything lor, if u dun wan it's ok...",,,
ham,"I'm home, my love ... If your still awake ... *loving kiss*",,,
ham,HELLO PEACH! MY CAKE TASTS LUSH!,,,
spam,"FREE GAME. Get Rayman Golf 4 FREE from the O2 Games Arcade. 1st get UR games settings. Reply POST, then save & activ8. Press 0 key for Arcade. Termsapply",,,
ham,"There'll be a minor shindig at my place later tonight, you interested?",,,
ham,Jason says it's cool if we pick some up from his place in like an hour,,,
spam,"Had your mobile 10 mths? Update to the latest Camera/Video phones for FREE. KEEP UR SAME NUMBER, Get extra free mins/texts. Text YES for a call",,,
ham,I (Career Tel) have added u as a contact on INDYAROCKS.COM to send FREE SMS. To remove from phonebook - sms NO to  &lt;#&gt;,,,
ham,I've reached already.,,,
ham,I dont know ask to my brother. Nothing problem some thing that. Just i told .,,,
ham,K:)eng rocking in ashes:),,,
ham,Wat time r Ì_ going to xin's hostel?,,,
ham,Good Morning my Dear Shijutta........... Have a great &amp; successful day.,,,
spam,Buy Space Invaders 4 a chance 2 win orig Arcade Game console. Press 0 for Games Arcade (std WAP charge) See o2.co.uk/games 4 Terms + settings. No purchase,,,
ham,Oh k:)after that placement there ah?,,,
ham,"Not for possession, especially not first offense",,,
ham,"Nt only for driving even for many reasons she is called BBD..thts it chikku, then hw abt dvg cold..heard tht vinobanagar violence hw is the condition..and hw ru ? Any problem?",,,
ham,I bought the test yesterday. Its something that lets you know the exact day u ovulate.when will get 2u in about 2 to 3wks. But pls pls dont fret. I know u r worried. Pls relax. Also is there anything in ur past history u need to tell me?,,,
ham,We have pizza if u want,,,
ham,"I keep seeing weird shit and bein all \woah\"" then realising it's actually reasonable and I'm all \""oh\""""",,,
ham,Many more happy returns of the day. I wish you happy birthday.,,,
ham,Ya very nice. . .be ready on thursday,,,
ham,I am in hospital da. . I will return home in evening,,,
ham,"\Thinking of u ;) x\""""",,,
spam,Camera - You are awarded a SiPix Digital Camera! call 09061221066 fromm landline. Delivery within 28 days.,,,
ham,Orh i tot u say she now still dun believe.,,,
ham,"When you just put in the + sign, choose my number and the pin will show. Right?",,,
ham,The beauty of life is in next second.. which hides thousands of secrets. I wish every second will be wonderful in ur life...!! gud n8,,,
ham,Thanx u darlin!im cool thanx. A few bday drinks 2 nite. 2morrow off! Take care c u soon.xxx,,,
ham,"If you're still up, maybe leave the credit card so I can get gas when I get back like he told me to",,,
spam,Your weekly Cool-Mob tones are ready to download !This weeks new Tones include: 1) Crazy Frog-AXEL F>>> 2) Akon-Lonely>>> 3) Black Eyed-Dont P >>>More info in n,,,
ham,Well boy am I glad G wasted all night at applebees for nothing,,,
spam,Cashbin.co.uk (Get lots of cash this weekend!) www.cashbin.co.uk Dear Welcome to the weekend We have got our biggest and best EVER cash give away!! These..,,,
ham,Ok lor... Or u wan me go look 4 u?,,,
ham,U wan 2 haf lunch i'm in da canteen now.,,,
ham,Don't make life too stressfull.. Always find time to Laugh.. It may not add years to your Life! But surely adds more life to ur years!! Gud ni8..swt dreams..,,,
ham,Pls go ahead with watts. I just wanted to be sure. Do have a great weekend. Abiola,,,
ham,"Did I forget to tell you ? I want you , I need you, I crave you ... But most of all ... I love you my sweet Arabian steed ... Mmmmmm ... Yummy",,,
spam,07732584351 - Rodger Burns - MSG = We tried to call you re your reply to our sms for a free nokia mobile + free camcorder. Please call now 08000930705 for delivery tomorrow,,,
ham,WHO ARE YOU SEEING?,,,
ham,Great! I hope you like your man well endowed. I am  &lt;#&gt;  inches...,,,
ham,No calls..messages..missed calls,,,
ham,Didn't you get hep b immunisation in nigeria.,,,
ham,"Fair enough, anything going on?",,,
ham,"Yeah hopefully, if tyler can't do it I could maybe ask around a bit",,,
ham,U don't know how stubborn I am. I didn't even want to go to the hospital. I kept telling Mark I'm not a weak sucker. Hospitals are for weak suckers.,,,
ham,What you thinked about me. First time you saw me in class.,,,
ham,"A gram usually runs like  &lt;#&gt; , a half eighth is smarter though and gets you almost a whole second gram for  &lt;#&gt;",,,
ham,K fyi x has a ride early tomorrow morning but he's crashing at our place tonight,,,
ham,"Wow. I never realized that you were so embarassed by your accomodations. I thought you liked it, since i was doing the best i could and you always seemed so happy about \the cave\"". I'm sorry I didn't and don't have more to give. I'm sorry i offered. I'm sorry your room was so embarassing.""",,,
spam,SMS. ac Sptv: The New Jersey Devils and the Detroit Red Wings play Ice Hockey. Correct or Incorrect? End? Reply END SPTV,,,
ham,Do you know what Mallika Sherawat did yesterday? Find out now @  &lt;URL&gt;,,,
spam,"Congrats! 1 year special cinema pass for 2 is yours. call 09061209465 now! C Suprman V, Matrix3, StarWars3, etc all 4 FREE! bx420-ip4-5we. 150pm. Dont miss out! ",,,
ham,"Sorry, I'll call later in meeting.",,,
ham,Tell where you reached,,,
ham,Yes..gauti and sehwag out of odi series.,,,
ham,Your gonna have to pick up a $1 burger for yourself on your way home. I can't even move. Pain is killing me.,,,
ham,Ha ha ha good joke. Girls are situation seekers.,,,
ham,Its a part of checking IQ,,,
ham,"Sorry my roommates took forever, it ok if I come by now?",,,
ham,Ok lar i double check wif da hair dresser already he said wun cut v short. He said will cut until i look nice.,,,
spam,"As a valued customer, I am pleased to advise you that following recent review of your Mob No. you are awarded with a å£1500 Bonus Prize, call 09066364589",,,
ham,"Today is \song dedicated day..\"" Which song will u dedicate for me? Send this to all ur valuable frnds but first rply me...""",,,
spam,"Urgent UR awarded a complimentary trip to EuroDisinc Trav, Aco&Entry41 Or å£1000. To claim txt DIS to 87121 18+6*å£1.50(moreFrmMob. ShrAcomOrSglSuplt)10, LS1 3AJ",,,
spam,"Did you hear about the new \Divorce Barbie\""? It comes with all of Ken's stuff!""",,,
ham,I plane to give on this month end.,,,
ham,Wah lucky man... Then can save money... Hee...,,,
ham,Finished class where are you.,,,
ham,HI BABE IM AT HOME NOW WANNA DO SOMETHING? XX,,,
ham,K..k:)where are you?how did you performed?,,,
ham,U can call me now...,,,
ham,I am waiting machan. Call me once you free.,,,
ham,Thats cool. i am a gentleman and will treat you with dignity and respect.,,,
ham,I like you peoples very much:) but am very shy pa.,,,
ham,Does not operate after  &lt;#&gt;  or what,,,
ham,Its not the same here. Still looking for a job. How much do Ta's earn there.,,,
ham,"Sorry, I'll call later",,,
ham,K. Did you call me just now ah? ,,,
ham,Ok i am on the way to home hi hi,,,
ham,You will be in the place of that man,,,
ham,Yup next stop.,,,
ham,"I call you later, don't have network. If urgnt, sms me.",,,
ham,For real when u getting on yo? I only need 2 more tickets and one more jacket and I'm done. I already used all my multis.,,,
ham,Yes I started to send requests to make it but pain came back so I'm back in bed. Double coins at the factory too. I gotta cash in all my nitros.,,,
ham,I'm really not up to it still tonight babe,,,
ham,"Ela kano.,il download, come wen ur free..",,,
ham,Yeah do! Don‰Û÷t stand to close tho- you‰Û÷ll catch something!,,,
ham,Sorry to be a pain. Is it ok if we meet another night? I spent late afternoon in casualty and that means i haven't done any of y stuff42moro and that includes all my time sheets and that. Sorry. ,,,
ham,Smile in Pleasure Smile in Pain Smile when trouble pours like Rain Smile when sum1 Hurts U Smile becoz SOMEONE still Loves to see u Smiling!!,,,
spam,Please call our customer service representative on 0800 169 6031 between 10am-9pm as you have WON a guaranteed å£1000 cash or å£5000 prize!,,,
ham,Havent planning to buy later. I check already lido only got 530 show in e afternoon. U finish work already?,,,
spam,"Your free ringtone is waiting to be collected. Simply text the password \MIX\"" to 85069 to verify. Get Usher and Britney. FML", PO Box 5249," MK17 92H. 450Ppw 16""",
ham,Watching telugu movie..wat abt u?,,,
ham,i see. When we finish we have loads of loans to pay,,,
ham,"Hi. Wk been ok - on hols now! Yes on for a bit of a run. Forgot that i have hairdressers appointment at four so need to get home n shower beforehand. Does that cause prob for u?\""ham""",,,
ham,Please don't text me anymore. I have nothing else to say.,,,
ham,Okay name ur price as long as its legal! Wen can I pick them up? Y u ave x ams xx,,,
ham,I'm still looking for a car to buy. And have not gone 4the driving test yet.,,,
ham,As per your request 'Melle Melle (Oru Minnaminunginte Nurungu Vettam)' has been set as your callertune for all Callers. Press *9 to copy your friends Callertune,,,
ham,"wow. You're right! I didn't mean to do that. I guess once i gave up on boston men and changed my search location to nyc, something changed. Cuz on my signin page it still says boston.",,,
ham,Umma my life and vava umma love you lot dear,,,
ham,Thanks a lot for your wishes on my birthday. Thanks you for making my birthday truly memorable.,,,
ham,"Aight, I'll hit you up when I get some cash",,,
ham,How would my ip address test that considering my computer isn't a minecraft server,,,
ham,I know! Grumpy old people. My mom was like you better not be lying. Then again I am always the one to play jokes...,,,
ham,Dont worry. I guess he's busy.,,,
ham,What is the plural of the noun research?,,,
ham,Going for dinner.msg you after.,,,
ham,I'm ok wif it cos i like 2 try new things. But i scared u dun like mah. Cos u said not too loud.,,,
spam,GENT! We are trying to contact you. Last weekends draw shows that you won a å£1000 prize GUARANTEED. Call 09064012160. Claim Code K52. Valid 12hrs only. 150ppm,,,
ham,"Wa, ur openin sentence very formal... Anyway, i'm fine too, juz tt i'm eatin too much n puttin on weight...Haha... So anythin special happened?",,,
ham,"As I entered my cabin my PA said, '' Happy B'day Boss !!''. I felt special. She askd me 4 lunch. After lunch she invited me to her apartment. We went there.",,,
spam,You are a winner U have been specially selected 2 receive å£1000 or a 4* holiday (flights inc) speak to a live operator 2 claim 0871277810910p/min (18+) ,,,
ham,Goodo! Yes we must speak friday - egg-potato ratio for tortilla needed! ,,,
ham,Hmm...my uncle just informed me that he's paying the school directly. So pls buy food.,,,
spam,PRIVATE! Your 2004 Account Statement for 07742676969 shows 786 unredeemed Bonus Points. To claim call 08719180248 Identifier Code: 45239 Expires,,,
spam,"URGENT! Your Mobile No. was awarded å£2000 Bonus Caller Prize on 5/9/03 This is our final try to contact U! Call from Landline 09064019788 BOX42WR29C, 150PPM",,,
ham,here is my new address -apples&pairs&all that malarky,,,
spam,Todays Voda numbers ending 7548 are selected to receive a $350 award. If you have a match please call 08712300220 quoting claim code 4041 standard rates app,,,
ham,I am going to sao mu today. Will be done only at 12 ,,,
ham,ÌÏ predict wat time Ì_'ll finish buying?,,,
ham,"Good stuff, will do.",,,
ham,"Just so that you know,yetunde hasn't sent money yet. I just sent her a text not to bother sending. So its over, you dont have to involve yourself in anything. I shouldn't have imposed anything on you in the first place so for that, i apologise.",,,
ham,Are you there in room.,,,
ham,HEY GIRL. HOW R U? HOPE U R WELL ME AN DEL R BAK! AGAIN LONG TIME NO C! GIVE ME A CALL SUM TIME FROM LUCYxx,,,
ham,K..k:)how much does it cost?,,,
ham,I'm home.,,,
ham,"Dear, will call Tmorrow.pls accomodate.",,,
ham,First answer my question.,,,
spam,Sunshine Quiz Wkly Q! Win a top Sony DVD player if u know which country the Algarve is in? Txt ansr to 82277. å£1.50 SP:Tyrone,,,
spam,Want 2 get laid tonight? Want real Dogging locations sent direct 2 ur mob? Join the UK's largest Dogging Network bt Txting GRAVEL to 69888! Nt. ec2a. 31p.msg@150p,,,
ham,I only haf msn. It's yijue@hotmail.com,,,
ham,He is there. You call and meet him,,,
ham,No no. I will check all rooms befor activities,,,
spam,You'll not rcv any more msgs from the chat svc. For FREE Hardcore services text GO to: 69988 If u get nothing u must Age Verify with yr network & try again,,,
ham,Got c... I lazy to type... I forgot Ì_ in lect... I saw a pouch but like not v nice...,,,
ham,"K, text me when you're on the way",,,
ham,"Sir, Waiting for your mail.",,,
ham,"A swt thought: \Nver get tired of doing little things 4 lovable persons..\"" Coz..somtimes those little things occupy d biggest part in their Hearts.. Gud ni8""",,,
ham,I know you are. Can you pls open the back?,,,
ham,Yes see ya not on the dot,,,
ham,Whats the staff name who is taking class for us?,,,
spam,"FreeMsg Why haven't you replied to my text? I'm Randy, sexy, female and live local. Luv to hear from u. Netcollex Ltd 08700621170150p per msg reply Stop to end",,,
ham,Ummma.will call after check in.our life will begin from qatar so pls pray very hard.,,,
ham,K..i deleted my contact that why?,,,
ham,Sindu got job in birla soft ..,,,
ham,The wine is flowing and i'm i have nevering..,,,
ham,Yup i thk cine is better cos no need 2 go down 2 plaza mah.,,,
ham,Ok... Ur typical reply...,,,
ham,As per your request 'Melle Melle (Oru Minnaminunginte Nurungu Vettam)' has been set as your callertune for all Callers. Press *9 to copy your friends Callertune,,,
ham,"You are everywhere dirt, on the floor, the windows, even on my shirt. And sometimes when i open my mouth, you are all that comes flowing out. I dream of my world without you, then half my chores are out too. A time of joy for me, lots of tv shows i.ll see. But i guess like all things you just must exist, like rain, hail and mist, and when my time here is done, you and i become one.",,,
ham,Aaooooright are you at work?,,,
ham,I'm leaving my house now...,,,
ham,"Hello, my love. What are you doing? Did you get to that interview today? Are you you happy? Are you being a good boy? Do you think of me?Are you missing me ?",,,
spam,Customer service annoncement. You have a New Years delivery waiting for you. Please call 07046744435 now to arrange delivery,,,
spam,You are a winner U have been specially selected 2 receive å£1000 cash or a 4* holiday (flights inc) speak to a live operator 2 claim 0871277810810,,,
ham,Keep yourself safe for me because I need you and I miss you already and I envy everyone that see's you in real life,,,
ham,New car and house for my parents.:)i have only new job in hand:),,,
ham,I'm so in love with you. I'm excited each day i spend with you. You make me so happy.,,,
spam,-PLS STOP bootydelious (32/F) is inviting you to be her friend. Reply YES-434 or NO-434 See her: www.SMS.ac/u/bootydelious STOP? Send STOP FRND to 62468,,,
spam,"BangBabes Ur order is on the way. U SHOULD receive a Service Msg 2 download UR content. If U do not, GoTo wap. bangb. tv on UR mobile internet/service menu",,,
ham,I place all ur points on e cultures module already.,,,
spam,URGENT! We are trying to contact you. Last weekends draw shows that you have won a å£900 prize GUARANTEED. Call 09061701939. Claim code S89. Valid 12hrs only,,,
ham,"Hi frnd, which is best way to avoid missunderstding wit our beloved one's?",,,
ham,Great escape. I fancy the bridge but needs her lager. See you tomo ,,,
ham,Yes :)it completely in out of form:)clark also utter waste.,,,
ham,"Sir, I need AXIS BANK account no and bank address.",,,
ham,"Hmmm.. Thk sure got time to hop ard... Ya, can go 4 free abt... Muz call u to discuss liao... ",,,
ham,What time you coming down later? ,,,
ham,"Bloody hell, cant believe you forgot my surname Mr . Ill give u a clue, its spanish and begins with m... ",,,
ham,"Well, i'm gonna finish my bath now. Have a good...fine night.",,,
ham,Let me know when you've got the money so carlos can make the call,,,
ham,U still going to the mall?,,,
ham,"Turns out my friends are staying for the whole show and won't be back til ~ &lt;#&gt; , so feel free to go ahead and smoke that $ &lt;#&gt;  worth",,,
ham,Text her. If she doesnt reply let me know so i can have her log in,,,
ham,Hi! You just spoke to MANEESHA V. We'd like to know if you were satisfied with the experience. Reply Toll Free with Yes or No.,,,
ham,You lifted my hopes with the offer of money. I am in need. Especially when the end of the month approaches and it hurts my studying. Anyways have a gr8 weekend,,,
ham,Lol no. U can trust me.,,,
ham,ok. I am a gentleman and will treat you with dignity and respect.,,,
ham,"He will, you guys close?",,,
ham,Going on nothing great.bye,,,
ham,Hello handsome ! Are you finding that job ? Not being lazy ? Working towards getting back that net for mummy ? Where's my boytoy now ? Does he miss me ?,,,
ham,"Haha awesome, be there in a minute",,,
spam,Please call our customer service representative on FREEPHONE 0808 145 4742 between 9am-11pm as you have WON a guaranteed å£1000 cash or å£5000 prize!,,,
ham,Have you got Xmas radio times. If not i will get it now,,,
ham,I jus reached home. I go bathe first. But my sis using net tell u when she finishes k...,,,
spam,Are you unique enough? Find out from 30th August. www.areyouunique.co.uk,,,
ham,I'm sorry. I've joined the league of people that dont keep in touch. You mean a great deal to me. You have been a friend at all times even at great personal cost. Do have a great week.|,,,
ham,Hi :)finally i completed the course:),,,
ham,It will stop on itself. I however suggest she stays with someone that will be able to give ors for every stool.,,,
ham,How are you doing? Hope you've settled in for the new school year. Just wishin you a gr8 day,,,
ham,Gud mrng dear hav a nice day,,,
ham,Did u got that persons story,,,
ham,is your hamster dead? Hey so tmr i meet you at 1pm orchard mrt? ,,,
ham,Hi its Kate how is your evening? I hope i can see you tomorrow for a bit but i have to bloody babyjontet! Txt back if u can. :) xxx,,,
ham,"Found it, ENC  &lt;#&gt; , where you at?",,,
ham,I sent you  &lt;#&gt;  bucks,,,
ham,Hello darlin ive finished college now so txt me when u finish if u can love Kate xxx,,,
ham,Your account has been refilled successfully by INR  &lt;DECIMAL&gt; . Your KeralaCircle prepaid account balance is Rs  &lt;DECIMAL&gt; . Your Transaction ID is KR &lt;#&gt; .,,,
ham,Goodmorning sleeping ga.,,,
ham,U call me alter at 11 ok.,,,
ham,ÌÏ say until like dat i dun buy ericsson oso cannot oredi lar...,,,
ham,"As I entered my cabin my PA said, '' Happy B'day Boss !!''. I felt special. She askd me 4 lunch. After lunch she invited me to her apartment. We went there.",,,
ham,"Aight yo, dats straight dogg",,,
ham,You please give us connection today itself before  &lt;DECIMAL&gt;  or refund the bill,,,
ham,Both :) i shoot big loads so get ready!,,,
ham,"What's up bruv, hope you had a great break. Do have a rewarding semester.",,,
ham,Home so we can always chat,,,
ham,K:)k:)good:)study well.,,,
ham,Yup... How Ì_ noe leh...,,,
ham,Sounds great! Are you home now?,,,
ham,Finally the match heading towards draw as your prediction.,,,
ham,Tired. I haven't slept well the past few nights.,,,
ham,Easy ah?sen got selected means its good..,,,
ham,I have to take exam with march 3,,,
ham,Yeah you should. I think you can use your gt atm now to register. Not sure but if there's anyway i can help let me know. But when you do be sure you are ready.,,,
ham,Ok no prob. Take ur time.,,,
ham,There is os called ubandu which will run without installing in hard disk...you can use that os to copy the important files in system and give it to repair shop..,,,
ham,"Sorry, I'll call later",,,
ham,U say leh... Of course nothing happen lar. Not say v romantic jus a bit only lor. I thk e nite scenery not so nice leh.,,,
spam,"500 New Mobiles from 2004, MUST GO! Txt: NOKIA to No: 89545 & collect yours today!From ONLY å£1 www.4-tc.biz 2optout 087187262701.50gbp/mtmsg18",,,
ham,Would really appreciate if you call me. Just need someone to talk to.,,,
spam,"Will u meet ur dream partner soon? Is ur career off 2 a flyng start? 2 find out free, txt HORO followed by ur star sign, e. g. HORO ARIES",,,
ham,Hey company elama po mudyadhu.,,,
ham,"Life is more strict than teacher... Bcoz Teacher teaches lesson &amp; then conducts exam, But Life first conducts Exam &amp; then teaches Lessons. Happy morning. . .",,,
ham,Dear good morning now only i am up,,,
ham,Get down in gandhipuram and walk to cross cut road. Right side &lt;#&gt; street road and turn at first right.,,,
ham,Dear we are going to our rubber place,,,
ham,"Sorry battery died, yeah I'm here",,,
ham,Yes:)here tv is always available in work place..,,,
spam,Text & meet someone sexy today. U can find a date or even flirt its up to U. Join 4 just 10p. REPLY with NAME & AGE eg Sam 25. 18 -msg recd@thirtyeight pence,,,
ham,I have printed it oh. So  &lt;#&gt;  come upstairs,,,
ham,Or ill be a little closer like at the bus stop on the same street,,,
ham,Where are you?when wil you reach here?,,,
ham,"New Theory: Argument wins d SITUATION, but loses the PERSON. So dont argue with ur friends just.. . . . kick them &amp; say, I'm always correct.!",,,
spam,U 447801259231 have a secret admirer who is looking 2 make contact with U-find out who they R*reveal who thinks UR so special-call on 09058094597,,,
ham,Tomarrow final hearing on my laptop case so i cant.,,,
ham,PLEASSSSSSSEEEEEE TEL ME V AVENT DONE SPORTSx,,,
ham,"Okay. No no, just shining on. That was meant to be signing, but that sounds better.",,,
ham,"Although i told u dat i'm into baig face watches now but i really like e watch u gave cos it's fr u. Thanx 4 everything dat u've done today, i'm touched...",,,
ham,U don't remember that old commercial?,,,
ham,Too late. I said i have the website. I didn't i have or dont have the slippers,,,
ham,I asked you to call him now ok,,,
ham,Kallis wont bat in 2nd innings.,,,
ham,It didnt work again oh. Ok goodnight then. I.ll fix and have it ready by the time you wake up. You are very dearly missed have a good night sleep.,,,
spam,Congratulations ur awarded 500 of CD vouchers or 125gift guaranteed & Free entry 2 100 wkly draw txt MUSIC to 87066 TnCs www.Ldew.com1win150ppmx3age16,,,
ham,Ranjith cal drpd Deeraj and deepak 5min hold,,,
ham,"Wen ur lovable bcums angry wid u, dnt take it seriously.. Coz being angry is d most childish n true way of showing deep affection, care n luv!.. kettoda manda... Have nice day da.",,,
ham,What you doing?how are you?,,,
ham,"Ups which is 3days also, and the shipping company that takes 2wks. The other way is usps which takes a week but when it gets to lag you may have to bribe nipost to get your stuff.",,,
ham,"I'm back, lemme know when you're ready",,,
ham,Don't necessarily expect it to be done before you get back though because I'm just now headin out,,,
ham,Mmm so yummy babe ... Nice jolt to the suzy,,,
ham,Where are you lover ? I need you ...,,,
spam,We tried to contact you re your reply to our offer of a Video Handset? 750 anytime networks mins? UNLIMITED TEXT? Camcorder? Reply or call 08000930705 NOW,,,
ham,I‰Û÷m parked next to a MINI!!!! When are you coming in today do you think?,,,
ham,Yup,,,
ham,Anyway i'm going shopping on my own now. Cos my sis not done yet. Dun disturb u liao.,,,
ham,MY NO. IN LUTON 0125698789 RING ME IF UR AROUND! H*,,,
spam,Hey I am really horny want to chat or see me naked text hot to 69698 text charged at 150pm to unsubscribe text stop 69698,,,
ham,Why you Dint come with us.,,,
ham,Same. Wana plan a trip sometme then,,,
ham,"Not sure yet, still trying to get a hold of him",,,
spam,Ur ringtone service has changed! 25 Free credits! Go to club4mobiles.com to choose content now! Stop? txt CLUB STOP to 87070. 150p/wk Club4 PO Box1146 MK45 2WT,,,
ham,The evo. I just had to download flash. Jealous?,,,
spam,Ringtone Club: Get the UK singles chart on your mobile each week and choose any top quality ringtone! This message is free of charge.,,,
ham,"Come to mu, we're sorting out our narcotics situation",,,
ham,"Night has ended for another day, morning has come in a special way. May you smile like the sunny rays and leaves your worries at the blue blue bay.",,,
spam,HMV BONUS SPECIAL 500 pounds of genuine HMV vouchers to be won. Just answer 4 easy questions. Play Now! Send HMV to 86688 More info:www.100percent-real.com,,,
ham,"Usf I guess, might as well take 1 car",,,
ham,No objection. My bf not coming.,,,
ham,Thanx...,,,
ham,Tell rob to mack his gf in the theater,,,
ham,"Awesome, I'll see you in a bit",,,
ham,Just sent it. So what type of food do you like?,,,
ham,All done? All handed in? Celebrations in full swing yet?,,,
ham,You got called a tool?,,,
ham,\Wen u miss someone, the person is definitely special for u..... But if the person is so special, why to miss them," just Keep-in-touch\"" gdeve.."""
ham,Ok. I asked for money how far,,,
ham,Okie...,,,
ham,"Yeah I think my usual guy's still passed out from last night, if you get ahold of anybody let me know and I'll throw down",,,
ham,"K, I might come by tonight then if my class lets out early",,,
ham,Ok..,,,
ham,hi baby im cruisin with my girl friend what r u up 2? give me a call in and hour at home if thats alright or fone me on this fone now love jenny xxx,,,
ham,"My life Means a lot to me, Not because I love my life, But because I love the people in my life, The world calls them friends, I call them my World:-).. Ge:-)..",,,
ham,"Dear,shall mail tonite.busy in the street,shall update you tonite.things are looking ok.varunnathu edukkukayee raksha ollu.but a good one in real sense.",,,
ham,Hey you told your name to gautham ah?,,,
ham,Haf u found him? I feel so stupid da v cam was working.,,,
ham,Oops. 4 got that bit.,,,
ham,Are you this much buzy,,,
ham,I accidentally deleted the message. Resend please.,,,
spam,T-Mobile customer you may now claim your FREE CAMERA PHONE upgrade & a pay & go sim card for your loyalty. Call on 0845 021 3680.Offer ends 28thFeb.T&C's apply,,,
ham,Unless it's a situation where YOU GO GURL would be more appropriate,,,
ham,Hurt me... Tease me... Make me cry... But in the end of my life when i die plz keep one rose on my grave and say STUPID I MISS U.. HAVE A NICE DAY BSLVYL,,,
ham,I cant pick the phone right now. Pls send a message,,,
ham,Need a coffee run tomo?Can't believe it's that time of week already,,,
ham,"Awesome, I remember the last time we got somebody high for the first time with diesel :V",,,
ham,"Shit that is really shocking and scary, cant imagine for a second. Def up for night out. Do u think there is somewhere i could crash for night, save on taxi?",,,
ham,Oh and by the way you do have more food in your fridge! Want to go out for a meal tonight? ,,,
ham,He is a womdarfull actor,,,
spam,"SMS. ac Blind Date 4U!: Rodds1 is 21/m from Aberdeen, United Kingdom. Check Him out http://img. sms. ac/W/icmb3cktz8r7!-4 no Blind Dates send HIDE",,,
ham,Yup... From what i remb... I think should be can book... ,,,
ham,Jos ask if u wana meet up?,,,
ham,Lol yes. Our friendship is hanging on a thread cause u won't buy stuff.,,,
spam,"TheMob> Check out our newest selection of content, Games, Tones, Gossip, babes and sport, Keep your mobile fit and funky text WAP to 82468",,,
ham,Where are the garage keys? They aren't on the bookshelf,,,
ham,Today is ACCEPT DAY..U Accept me as? Brother Sister Lover Dear1 Best1 Clos1 Lvblefrnd Jstfrnd Cutefrnd Lifpartnr Belovd Swtheart Bstfrnd No rply means enemy,,,
spam,"Think ur smart ? Win å£200 this week in our weekly quiz, text PLAY to 85222 now!T&Cs WinnersClub PO BOX 84, M26 3UZ. 16+. GBP1.50/week",,,
ham,He says he'll give me a call when his friend's got the money but that he's definitely buying before the end of the week,,,
ham,"Hi the way I was with u 2day, is the normal way&this is the real me. UR unique&I hope I know u 4 the rest of mylife. Hope u find wot was lost.",,,
ham,You made my day. Do have a great day too.,,,
ham,K.k:)advance happy pongal.,,,
ham,"Hmmm... Guess we can go 4 kb n power yoga... Haha, dunno we can tahan power yoga anot... Thk got lo oso, forgot liao...",,,
ham,"Not really dude, have no friends i'm afraid :(",,,
spam,December only! Had your mobile 11mths+? You are entitled to update to the latest colour camera mobile for Free! Call The Mobile Update Co FREE on 08002986906,,,
ham,"Coffee cake, i guess...",,,
ham,"Merry Christmas to you too babe, i love ya *kisses*",,,
ham,Hey... Why dont we just go watch x men and have lunch... Haha ,,,
ham,cud u tell ppl im gona b a bit l8 cos 2 buses hav gon past cos they were full & im still waitin 4 1. Pete x,,,
ham,That would be great. We'll be at the Guild. Could meet on Bristol road or somewhere - will get in touch over weekend. Our plans take flight! Have a good week,,,
ham,No problem. How are you doing?,,,
ham,No calls..messages..missed calls,,,
ham,Hi da:)how is the todays class?,,,
ham,"I'd say that's a good sign but, well, you know my track record at reading women",,,
ham,"Cool, text me when you're parked",,,
ham,I'm reading the text i just sent you. Its meant to be a joke. So read it in that light,,,
ham,K.k:)apo k.good movie.,,,
ham,Maybe i could get book out tomo then return it immediately ..? Or something.,,,
spam,Call Germany for only 1 pence per minute! Call from a fixed line via access number 0844 861 85 85. No prepayment. Direct access!,,,
ham,Any chance you might have had with me evaporated as soon as you violated my privacy by stealing my phone number from your employer's paperwork. Not cool at all. Please do not contact me again or I will report you to your supervisor.,,,
spam,Valentines Day Special! Win over å£1000 in our quiz and take your partner on the trip of a lifetime! Send GO to 83600 now. 150p/msg rcvd. CustCare:08718720201.,,,
ham,"Ta-Daaaaa! I am home babe, are you still up ?",,,
ham,Cool. So how come you havent been wined and dined before?,,,
ham,Just sleeping..and surfing,,,
ham,"Sorry, I'll call later",,,
ham,U calling me right? Call my hand phone...,,,
ham,Ok that's great thanx a lot.,,,
ham,I take it the post has come then! You must have 1000s of texts now! Happy reading. My one from wiv hello caroline at the end is my favourite. Bless him,,,
ham,Where u been hiding stranger?,,,
ham,Am not interested to do like that.,,,
ham,My sister cleared two round in birla soft yesterday.,,,
ham,Gudnite....tc...practice going on,,,
ham,Dis is yijue. I jus saw ur mail. In case huiming havent sent u my num. Dis is my num.,,,
ham,One small prestige problem now.,,,
spam,Fancy a shag? I do.Interested? sextextuk.com txt XXUK SUZY to 69876. Txts cost 1.50 per msg. TnCs on website. X,,,
ham,Just checking in on you. Really do miss seeing Jeremiah. Do have a great month,,,
ham,"Nah can't help you there, I've never had an iphone",,,
ham,If you're not in my car in an hour and a half I'm going apeshit,,,
ham,"TODAY is Sorry day.! If ever i was angry with you, if ever i misbehaved or hurt you? plz plz JUST SLAP URSELF Bcoz, Its ur fault, I'm basically GOOD",,,
ham,Yo you guys ever figure out how much we need for alcohol? Jay and I are trying to figure out how much we can safely spend on weed,,,
ham,&lt;#&gt; ISH MINUTES WAS 5 MINUTES AGO. WTF.,,,
ham,"Thank You for calling.Forgot to say Happy Onam to you Sirji.I am fine here and remembered you when i met an insurance person.Meet You in Qatar Insha Allah.Rakhesh, ex Tata AIG who joined TISSCO,Tayseer.",,,
spam,Congratulations ur awarded 500 of CD vouchers or 125gift guaranteed & Free entry 2 100 wkly draw txt MUSIC to 87066 TnCs www.Ldew.com1win150ppmx3age16,,,
spam,Ur cash-balance is currently 500 pounds - to maximize ur cash-in now send CASH to 86688 only 150p/msg. CC: 08708800282 HG/Suite342/2Lands Row/W1J6HL,,,
ham,"I'm an actor. When i work, i work in the evening and sleep late. Since i'm unemployed at the moment, i ALWAYS sleep late. When you're unemployed, every day is saturday.",,,
ham,"Hello! Just got here, st andrews-boy its a long way! Its cold. I will keep you posted",,,
ham,Ha ha cool cool chikku chikku:-):-DB-),,,
ham,Oh ok no prob..,,,
ham,Check audrey's status right now,,,
ham,Busy here. Trying to finish for new year. I am looking forward to finally meeting you...,,,
ham,"Good afternoon sunshine! How dawns that day ? Are we refreshed and happy to be alive? Do we breathe in the air and smile ? I think of you, my love ... As always",,,
ham,Well i know Z will take care of me. So no worries.,,,
spam,"Update_Now - Xmas Offer! Latest Motorola, SonyEricsson & Nokia & FREE Bluetooth! Double Mins & 1000 Txt on Orange. Call MobileUpd8 on 08000839402 or call2optout/F4Q=",,,
spam,Here is your discount code RP176781. To stop further messages reply stop. www.regalportfolio.co.uk. Customer Services 08717205546,,,
ham,Wat uniform? In where get?,,,
ham,"Cool, text me when you're ready",,,
ham,"Hello my boytoy ... Geeee I miss you already and I just woke up. I wish you were here in bed with me, cuddling me. I love you ...",,,
ham,I will spoil you in bed as well :),,,
ham,I'm going for bath will msg you next  &lt;#&gt;  min..,,,
ham,I cant keep talking to people if am not sure i can pay them if they agree to price. So pls tell me what you want to really buy and how much you are willing to pay,,,
spam,"Thanks for your Ringtone Order, Reference T91. You will be charged GBP 4 per week. You can unsubscribe at anytime by calling customer services on 09057039994",,,
ham,Can you say what happen,,,
ham,You could have seen me..i did't recognise you Face.:),,,
ham,Well there's not a lot of things happening in Lindsay on New years *sighs* Some bars in Ptbo and the blue heron has something going,,,
ham,Keep my payasam there if rinu brings,,,
ham,I taught that Ranjith sir called me. So only i sms like that. Becaus hes verifying about project. Prabu told today so only pa dont mistake me..,,,
ham,"I guess that's why you re worried. You must know that there's a way the body repairs itself. And i'm quite sure you shouldn't worry. We'll take it slow. First the tests, they will guide when your ovulation is then just relax. Nothing you've said is a reason to worry but i.ll keep on followin you up.",,,
ham,"Yeah sure, give me a couple minutes to track down my wallet",,,
ham,Hey leave it. not a big deal:-) take care.,,,
ham,Hey i will be late ah... Meet you at 945+,,,
spam,"Double mins and txts 4 6months FREE Bluetooth on Orange. Available on Sony, Nokia Motorola phones. Call MobileUpd8 on 08000839402 or call2optout/N9DX",,,
ham,It took Mr owl 3 licks,,,
ham,Customer place i will call you.,,,
ham,Mm that time you dont like fun,,,
spam,4mths half price Orange line rental & latest camera phones 4 FREE. Had your phone 11mths ? Call MobilesDirect free on 08000938767 to update now! or2stoptxt,,,
ham,Yup having my lunch buffet now.. U eat already?,,,
ham,Huh so late... Fr dinner?,,,
ham,Hey so this sat are we going for the intro pilates only? Or the kickboxing too? ,,,
ham,Morning only i can ok.,,,
ham,Yes i think so. I am in office but my lap is in room i think thats on for the last few days. I didnt shut that down,,,
ham,Pick you up bout 7.30ish? What time are  and that going?,,,
ham,From here after The performance award is calculated every two month.not for current one month period..,,,
ham,Was actually sleeping and still might when u call back. So a text is gr8. You rock sis. Will send u a text wen i wake.,,,
ham,"You are always putting your business out there. You put pictures of your ass on facebook. You are one of the most open people i've ever met. Why would i think a picture of your room would hurt you, make you feel violated.",,,
ham,"Good evening Sir, Al Salam Wahleykkum.sharing a happy news.By the grace of God, i got an offer from Tayseer,TISSCO and i joined.Hope you are fine.Inshah Allah,meet you sometime.Rakhesh,visitor from India.",,,
ham,Hmmm...k...but i want to change the field quickly da:-)i wanna get system administrator or network administrator..,,,
spam,"FREE RINGTONE text FIRST to 87131 for a poly or text GET to 87131 for a true tone! Help? 0845 2814032 16 after 1st free, tones are 3xå£150pw to eå£nd txt stop",,,
ham,Dear how is chechi. Did you talk to her,,,
ham,The hair cream has not been shipped.,,,
ham,None of that's happening til you get here though,,,
ham,"Yep, the great loxahatchee xmas tree burning of  &lt;#&gt;  starts in an hour",,,
ham,"Haha get used to driving to usf man, I know a lot of stoners",,,
ham,All was well until slightly disastrous class this pm with my fav darlings! Hope day off ok. Coffee wld be good as can't stay late tomorrow. Same time + place as always?,,,
ham,Hello! Good week? Fancy a drink or something later?,,,
ham,Headin towards busetop,,,
ham,Message:some text missing* Sender:Name Missing* *Number Missing *Sent:Date missing *Missing U a lot thats y everything is missing sent via fullonsms.com,,,
ham,Come by our room at some point so we can iron out the plan for this weekend,,,
ham,Cos i want it to be your thing,,,
ham,"Okies... I'll go yan jiu too... We can skip ard oso, go cine den go mrt one, blah blah blah... ",,,
ham,Bring home some Wendy =D,,,
spam,100 dating service cal;l 09064012103 box334sk38ch,,,
ham,Whatsup there. Dont u want to sleep,,,
ham,Alright i have a new goal now,,,
spam,FREE entry into our å£250 weekly competition just text the word WIN to 80086 NOW. 18 T&C www.txttowin.co.uk,,,
ham,"Alright, I'll head out in a few minutes, text me where to meet you",,,
spam,Send a logo 2 ur lover - 2 names joined by a heart. Txt LOVE NAME1 NAME2 MOBNO eg LOVE ADAM EVE 07123456789 to 87077 Yahoo! POBox36504W45WQ TxtNO 4 no ads 150p,,,
ham,Yes:)from last week itself i'm taking live call.,,,
spam,Someone has contacted our dating service and entered your phone because they fancy you! To find out who it is call from a landline 09111032124 . PoBox12n146tf150p,,,
ham,Siva is in hostel aha:-.,,,
spam,URGENT! Your Mobile number has been awarded with a å£2000 prize GUARANTEED. Call 09058094455 from land line. Claim 3030. Valid 12hrs only,,,
ham,Send this to ur friends and receive something about ur voice..... How is my speaking expression? 1.childish 2.naughty 3.Sentiment 4.rowdy 5.ful of attitude 6.romantic 7.shy 8.Attractive 9.funny  &lt;#&gt; .irritating  &lt;#&gt; .lovable. reply me..,,,
ham,Ok. She'll be ok. I guess,,,
ham,aathi..where are you dear..,,,
ham,Any pain on urination any thing else?,,,
ham,7 at esplanade.. Do Ì_ mind giving me a lift cos i got no car today..,,,
ham,I wnt to buy a BMW car urgently..its vry urgent.but hv a shortage of  &lt;#&gt; Lacs.there is no source to arng dis amt. &lt;#&gt; lacs..thats my prob,,,
ham,At home watching tv lor.,,,
ham,Does she usually take fifteen fucking minutes to respond to a yes or no question,,,
spam,Congrats! Nokia 3650 video camera phone is your Call 09066382422 Calls cost 150ppm Ave call 3mins vary from mobiles 16+ Close 300603 post BCM4284 Ldn WC1N3XX,,,
ham,Booked ticket for pongal?,,,
ham,You available now? I'm like right around hillsborough &amp;  &lt;#&gt; th,,,
ham,The message sent is askin for  &lt;#&gt; dollars. Shoul i pay  &lt;#&gt;  or  &lt;#&gt; ?,,,
ham,"Ask g or iouri, I've told the story like ten times already",,,
ham,How long does applebees fucking take,,,
ham,"Hi hope u get this txt~journey hasnt been gd,now about 50 mins late I think.",,,
ham,But i have to. I like to have love and arrange.,,,
ham,Yes..he is really great..bhaji told kallis best cricketer after sachin in world:).very tough to get out.,,,
ham,You were supposed to wake ME up &gt;:(,,,
ham,Oic... I saw him too but i tot he din c me... I found a group liao...,,,
ham,"Sorry, I'll call later",,,
ham,\HEY HEY WERETHE MONKEESPEOPLE SAY WE MONKEYAROUND! HOWDY GORGEOUS," HOWU DOIN? FOUNDURSELF A JOBYET SAUSAGE?LOVE JEN XXX\""""",,
ham,"Sorry, my battery died, I can come by but I'm only getting a gram for now, where's your place?",,,
ham,"Well done, blimey, exercise, yeah, i kinda remember wot that is, hmm. ",,,
ham,I wont get concentration dear you know you are my mind and everything :-),,,
ham,LOL ... Have you made plans for new years?,,,
ham,10 min later k...,,,
ham,hanks lotsly!,,,
ham,Thanks for this hope you had a good day today,,,
ham,K:)k:)what are detail you want to transfer?acc no enough?,,,
ham,Ok i will tell her to stay out. Yeah its been tough but we are optimistic things will improve this month.,,,
spam,"Loan for any purpose å£500 - å£75,000. Homeowners + Tenants welcome. Have you been previously refused? We can still help. Call Free 0800 1956669 or text back 'help'",,,
ham,Si si. I think ill go make those oreo truffles.,,,
ham,"LOOK AT AMY URE A BEAUTIFUL, INTELLIGENT WOMAN AND I LIKE U A LOT. I KNOW U DONåÕT LIKE ME LIKE THAT SO DONåÕT WORRY.",,,
ham,I hope you that's the result of being consistently intelligent and kind. Start asking him about practicum links and keep your ears open and all the best. ttyl,,,
ham,"1.20 that call cost. Which i guess isnt bad. Miss ya, need ya, want ya, love ya",,,
ham,Going thru a very different feeling.wavering decisions and coping up with the same is the same individual.time will heal everything i believe.,,,
ham,Where did u go? My phone is gonna die you have to stay in here,,,
ham,Great. Never been better. Each day gives even more reasons to thank God,,,
spam,"UpgrdCentre Orange customer, you may now claim your FREE CAMERA PHONE upgrade for your loyalty. Call now on 0207 153 9153. Offer ends 26th July. T&C's apply. Opt-out available",,,
ham,"Sorry, I'll call later ok bye",,,
ham,Ok i am on the way to railway,,,
ham,great princess! I love giving and receiving oral. Doggy style is my fave position. How about you? I enjoy making love  &lt;#&gt;  times per night :),,,
ham,They don't put that stuff on the roads to keep it from getting slippery over there?,,,
ham,When are you going to ride your bike?,,,
ham,"Yup, no need. I'll jus wait 4 e rain 2 stop.",,,
